Workbook

Sheet 0.안내
B2: DEEP Agent 문서 분류 레지스트리 — 데이터 대시보드
B3: Document Classification & Workflow Binding Registry
B4: 기준일 2026-06-09 · 스냅샷(마스터 갱신 시 _dashboard.py 재실행) · 범위 산업도메인 12 · 업무분류 53 · canonical 문서 154
B6: ■ 핵심 지표
B7: 총 canonical 문서 | C7: 154 | E7: 업무-문서 바인딩 | F7: 212
B8: 기존 등록 문서 | C8: 105 | E8: DEEP Agent 산출물 | F8: 4
B9: B인벤토리 추가 | C9: 49 | E9: 검증룰 보유 문서 | F9: 97
B10: 산업도메인 | C10: 12 | E10: 개인정보 포함 문서 | F10: 99
B11: 업무분류 | C11: 53 | E11: 개인정보 미포함 문서 | F11: 55
B13: ■ 개인정보 포함여부
B14: 항목 | C14: 건수 | D14: 비중
B15: 포함 | C15: 99 | D15: 0.64285714
B16: 미포함 | C16: 55 | D16: 0.35714286
B18: ■ 민감도 분포
B19: 항목 | C19: 건수 | D19: 비중
B20: 공개 | C20: 45 | D20: 0.29220779
B21: 금융정보 | C21: 42 | D21: 0.27272727
B22: 개인정보(일반) | C22: 31 | D22: 0.2012987
B23: 개인정보(민감) | C23: 24 | D23: 0.15584416
B24: 의료정보 | C24: 12 | D24: 0.077922078
B26: ■ 발급주체 분포
B27: 항목 | C27: 건수 | D27: 비중
B28: 정부/공공 | C28: 33 | D28: 0.21428571
B29: 금융기관 | C29: 12 | D29: 0.077922078
B30: 기업 | C30: 77 | D30: 0.5
B31: 의료기관 | C31: 11 | D31: 0.071428571
B32: 개인 | C32: 16 | D32: 0.1038961
B33: 법원/공증 | C33: 4 | D33: 0.025974026
B34: 보험기관 | C34: 1 | D34: 0.0064935065
B36: ■ 기능·장르 분포
B37: 항목 | C37: 건수 | D37: 비중
B38: 신청 | C38: 15 | D38: 0.097402597
B39: 계약/약정 | C39: 16 | D39: 0.1038961
B40: 증빙 | C40: 30 | D40: 0.19480519
B41: 증명 | C41: 43 | D41: 0.27922078
B42: 심사/평가 | C42: 11 | D42: 0.071428571
B43: 보고 | C43: 11 | D43: 0.071428571
B44: 의무기록 | C44: 9 | D44: 0.058441558
B45: 행정/내부 | C45: 19 | D45: 0.12337662
B47: ■ 구조유형 분포
B48: 항목 | C48: 건수 | D48: 비중
B49: 정형양식 | C49: 45 | D49: 0.29220779
B50: 반정형 | C50: 33 | D50: 0.21428571
B51: 비정형 | C51: 32 | D51: 0.20779221
B52: 표중심 | C52: 39 | D52: 0.25324675
B53: 이미지+표 혼합 | C53: 5 | D53: 0.032467532
B55: ■ Modality 분포
B56: 항목 | C56: 건수 | D56: 비중
B57: 스캔이미지 | C57: 77 | D57: 0.5
B58: 전자PDF | C58: 58 | D58: 0.37662338
B59: HWP | C59: 18 | D59: 0.11688312
B60: 이미지+표 혼합 | C60: 1 | D60: 0.0064935065
B62: ■ 산업도메인별 업무 수
B63: 항목 | C63: 건수 | D63: 비중
B64: 금융 - 은행 (여신·신용·외환) | C64: 9 | D64: 0.16981132
B65: 금융 - 증권·자산운용 | C65: 4 | D65: 0.075471698
B66: 금융 - 카드·여신전문 | C66: 2 | D66: 0.037735849
B67: 보험 (생명·손해) | C67: 5 | D67: 0.094339623
B68: 공공·행정 (B2G) | C68: 7 | D68: 0.13207547
B69: 의료·헬스케어 | C69: 3 | D69: 0.056603774
B70: 제조·구매·SCM | C70: 4 | D70: 0.075471698
B71: 건설·부동산 | C71: 4 | D71: 0.075471698
B72: 무역·물류 | C72: 3 | D72: 0.056603774
B73: 법무·컴플라이언스 | C73: 4 | D73: 0.075471698
B74: 회계·세무 (공통) | C74: 4 | D74: 0.075471698
B75: 인사·노무 (공통) | C75: 4 | D75: 0.075471698
B77: ■ 검증룰(VAL) 적용 빈도 · 상세 정의는 5.검증룰사전 참조
B78: 항목 | C78: 건수 | D78: 비중
B79: VAL-001 필수필드 누락 | C79: 42 | D79: 0.27272727
B80: VAL-002 날짜 형식 검증 | C80: 64 | D80: 0.41558442
B81: VAL-003 미래 발급일 금지 | C81: 19 | D81: 0.12337662
B82: VAL-004 금액 합계 검증 | C82: 40 | D82: 0.25974026
B83: VAL-005 사업자등록번호 형식 | C83: 7 | D83: 0.045454545
B84: VAL-006 계좌번호 형식 | C84: 3 | D84: 0.019480519
B85: VAL-007 주민번호 마스킹 | C85: 4 | D85: 0.025974026
B86: VAL-008 서명 존재 여부 | C86: 37 | D86: 0.24025974
B87: VAL-009 도장 또는 직인 존재 여부 | C87: 37 | D87: 0.24025974
B88: VAL-010 체크박스 필수동의 | C88: 11 | D88: 0.071428571
B89: VAL-011 문서 중복 탐지 | C89: 23 | D89: 0.14935065
B90: VAL-012 페이지 연속성 | C90: 1 | D90: 0.0064935065
... B93: VAL-015 S4 자동 의사결정 제한 | C93: 8 | D93: 0.051948052
B95: ■ 설계 원칙 · 거버넌스
B96: 3층 구조 | C96: (1) 문서마스터 = 타입 온톨로지·베이스 스키마, (2) 업무분류 = 워크플로우 정의, (3) 업무-문서매핑 = 다대다 바인딩. 고객별 가변성은 매핑 층에만 둔다.
B97: Facet 5축 | C97: 발급주체 · 기능/장르 · 구조유형 · Modality · 민감도. 단일 트리가 아니라 직교하는 다축이며, 한 문서가 여러 값에 동시 귀속될 수 있다.
B98: 개인정보·검증룰 | C98: 개인정보 포함여부는 포함/미포함 이분 플래그(민감도·B 개인정보등급 기준). 검증룰은 문서별 텍스트 + VAL 코드 병기이며 정의는 '5.검증룰사전'에 있다.
B99: 산출물 표기 | C99: 문서명에 [산출물]이 붙은 4건(RPT-02·03·07·08)은 DEEP Agent가 입력을 받아 생성하는 결과물이다.
B100: B인벤토리 통합 | C100: KRB- 접두 49건은 B(한국형 DU 체계)에서 추가된 후보 문서다. 발급주체·Modality는 추정값(비고 표기)이며, 업무 바인딩 전까지 참조업무수=0의 promotion 후보 상태다.
B101: 거버넌스(중요) | C101: 이 레지스트리는 오너가 없으면 6개월 안에 썩는다. canonical 마스터의 단일 소유자와, 꼬리 문서를 마스터로 승격하는 promotion 프로세스(등장 빈도 임계치)를 반드시 지정할 것.
B102: 경계(중요) | C102: 이 표의 크기는 포괄 가능한 설계 공간이지 커버리지 약속이 아니다. 폭 자체를 IR 지표로 쓰지 말 것. 진짜 KPI는 바인딩 중 몇 개가 재사용 product config로 전환되었는가이다.

Sheet 1.문서마스터
A1: 문서ID | B1: 문서명 | C1: 발급주체 | D1: 기능/장르 | E1: 구조유형 | F1: Modality | G1: 민감도 | H1: 핵심 추출필드 (베이스 스키마) | I1: 참조업무수 | J1: 비고 | K1: 개인정보 포함여부 | L1: 포함 개인정보(상세) | M1: 검증룰(문서별) | N1: 검증룰코드(VAL) | O1: 작성방식
A2: ID-01 | B2: 사업자등록증 | C2: 정부/공공 | D2: 증명 | E2: 정형양식 | F2: 스캔이미지 | G2: 금융정보 | H2: 사업자번호·상호·대표자·업태·종목·개업일 | I2: =COUNTIF('3.업무-문서매핑'!$B:$B,A2) -> 6 | J2: 다도메인 고재사용 | K2: 포함 | L2: 상호, 대표자, 사업자번호, 주소 | M2: 사업자번호 형식, 발급일 또는 등록일 유효성, 필수필드 누락, QR 또는 문서확인번호 | N2: VAL-001, VAL-002, VAL-005, VAL-013 | O2: 인쇄
A3: ID-02 | B3: 법인등기부등본(등기사항전부증명서) | C3: 법원/공증 | D3: 증명 | E3: 표중심 | F3: 전자PDF | G3: 금융정보 | H3: 법인등록번호·임원·자본금·목적·변경이력 | I3: =COUNTIF('3.업무-문서매핑'!$B:$B,A3) -> 3 | J3: 다도메인 고재사용 | K3: 포함 | L3: 법인번호, 대표자, 주소, 임원정보 | M3: 법인번호 형식, 페이지 연속성, 발행일 유효성, 대표자 추출 | N3: VAL-003, VAL-012 | O3: 인쇄
A4: ID-03 | B4: 주주명부 | C4: 기업 | D4: 행정/내부 | E4: 표중심 | F4: 전자PDF | G4: 금융정보 | H4: 주주명·지분율·주식수·취득일 | I4: =COUNTIF('3.업무-문서매핑'!$B:$B,A4) -> 2 | K4: 포함 | O4: 인쇄
A5: ID-04 | B5: 주민등록등본 | C5: 정부/공공 | D5: 증명 | E5: 정형양식 | F5: 스캔이미지 | G5: 개인정보(민감) | H5: 성명·주민번호·주소·세대구성 | I5: =COUNTIF('3.업무-문서매핑'!$B:$B,A5) -> 2 | J5: 다도메인 고재사용 | K5: 포함 | L5: 성명, 주소, 세대구성, 주민등록번호 일부 | M5: 발급일 유효성, 문서번호, 필수필드, 직인 또는 확인번호 | N5: VAL-001, VAL-002, VAL-003, VAL-009, VAL-011, VAL-013 | O5: 인쇄
A6: ID-05 | B6: 가족관계증명서 | C6: 정부/공공 | D6: 증명 | E6: 정형양식 | F6: 스캔이미지 | G6: 개인정보(민감) | H6: 본인·가족관계·생년월일 | I6: =COUNTIF('3.업무-문서매핑'!$B:$B,A6) -> 2 | J6: 다도메인 고재사용 | K6: 포함 | L6: 성명, 가족관계, 생년월일 | M6: 발급일 유효성, 문서번호, 필수필드, 직인 또는 확인번호 | N6: VAL-001, VAL-002, VAL-003, VAL-009, VAL-011, VAL-013 | O6: 인쇄
A7: ID-06 | B7: 신분증 사본(주민·면허·여권) | C7: 정부/공공 | D7: 증명 | E7: 정형양식 | F7: 스캔이미지 | G7: 개인정보(민감) | H7: 성명·생년월일·발급일·진위확인 | I7: =COUNTIF('3.업무-문서매핑'!$B:$B,A7) -> 3 | J7: 다도메인 고재사용 | K7: 포함 | L7: 성명, 주민등록번호, 주소, 사진, 생년월일, 면허번호, 여권번호, 국적 | M7: 식별번호 형식, 유효기간, 사진영역, 마스킹 | N7: VAL-002, VAL-007 | O7: 인쇄
A8: ID-11 | B8: 실소유자 확인서(AML) | C8: 기업 | D8: 심사/평가 | E8: 반정형 | F8: 전자PDF | G8: 금융정보 | H8: 실소유자·지분구조·확인근거 | I8: =COUNTIF('3.업무-문서매핑'!$B:$B,A12) -> 6 | K8: 포함 | O8: 수기
A9: ID-12 | B9: 자격증·면허증 | C9: 정부/공공 | D9: 증명 | E9: 정형양식 | F9: 스캔이미지 | G9: 개인정보(일반) | H9: 자격명·발급기관·번호·유효기간 | I9: =COUNTIF('3.업무-문서매핑'!$B:$B,A13) -> 2 | K9: 포함 | O9: 인쇄
A10: ID-13 | B10: 재직증명서 | C10: 기업 | D10: 증명 | E10: 반정형 | F10: 스캔이미지 | G10: 개인정보(일반) | H10: 성명·부서·직위·재직기간 | I10: =COUNTIF('3.업무-문서매핑'!$B:$B,A14) -> 2 | J10: 다도메인 재사용 | K10: 포함 | L10: 성명, 생년월일, 소속, 직위 | M10: 재직기간, 발급일, 직인 존재, 성명 일치 | N10: VAL-002, VAL-009 | O10: 인쇄
A11: ID-14 | B11: 경력증명서 | C11: 기업 | D11: 증명 | E11: 반정형 | F11: 스캔이미지 | G11: 개인정보(일반) | H11: 성명·경력기간·담당업무 | I11: =COUNTIF('3.업무-문서매핑'!$B:$B,A15) -> 2 | K11: 포함 | L11: 성명, 경력기간, 직무 | M11: 발급일 유효성, 문서번호, 필수필드, 직인 또는 확인번호 | N11: VAL-001, VAL-002, VAL-003, VAL-009, VAL-011, VAL-013 | O11: 인쇄
A12: FIN-01 | B12: 재무제표(재무상태표·손익계산서) | C12: 기업 | D12: 증빙 | E12: 표중심 | F12: 전자PDF | G12: 금융정보 | H12: 자산·부채·자본·매출·영업이익·당기순이익 | I12: =COUNTIF('3.업무-문서매핑'!$B:$B,A16) -> 3 | J12: 다도메인 고재사용 | K12: 미포함 | O12: 인쇄
A13: FIN-02 | B13: 부가가치세 과세표준증명원 | C13: 정부/공공 | D13: 증빙 | E13: 정형양식 | F13: 스캔이미지 | G13: 금융정보 | H13: 과세기간·과세표준·매출액 | I13: =COUNTIF('3.업무-문서매핑'!$B:$B,A17) -> 1 | K13: 포함 | L13: 사업자번호, 매출금액 | M13: 발급일 유효성, 문서번호, 필수필드, 직인 또는 확인번호 | N13: VAL-001, VAL-002, VAL-003, VAL-009, VAL-011, VAL-013 | O13: 인쇄
A14: FIN-03 | B14: 납세증명서(국세·지방세 완납) | C14: 정부/공공 | D14: 증명 | E14: 정형양식 | F14: 스캔이미지 | G14: 금융정보 | H14: 체납유무·발급일·유효기간 | I14: =COUNTIF('3.업무-문서매핑'!$B:$B,A18) -> 0 | K14: 포함 | L14: 납세자, 사업자번호, 유효기간, 주소 | M14: 발급일 유효성, 문서번호, 필수필드, 직인 또는 확인번호 | N14: VAL-001, VAL-002, VAL-003, VAL-009, VAL-011, VAL-013 | O14: 인쇄
A15: FIN-04 | B15: 4대보험 가입증명원 | C15: 정부/공공 | D15: 증명 | E15: 정형양식 | F15: 스캔이미지 | G15: 금융정보 | H15: 가입자수·가입일·사업장 | I15: =COUNTIF('3.업무-문서매핑'!$B:$B,A19) -> 4 | K15: 미포함 | O15: 인쇄
A16: FIN-05 | B16: 근로소득 원천징수영수증 | C16: 기업 | D16: 증빙 | E16: 정형양식 | F16: 스캔이미지 | G16: 개인정보(민감) | H16: 총급여·결정세액·연도 | I16: =COUNTIF('3.업무-문서매핑'!$B:$B,A20) -> 3 | J16: 가계여신·HR 재사용 | K16: 포함 | L16: 성명, 주민번호 일부, 소득, 세액 | M16: 금액 합계, 주민번호 마스킹, 귀속연도, 회사정보 | N16: VAL-004, VAL-007 | O16: 인쇄
A17: FIN-06 | B17: 소득금액증명원 | C17: 정부/공공 | D17: 증빙 | E17: 정형양식 | F17: 스캔이미지 | G17: 개인정보(민감) | H17: 소득종류·소득금액·귀속연도 | I17: =COUNTIF('3.업무-문서매핑'!$B:$B,A21) -> 1 | K17: 포함 | L17: 성명, 사업자번호, 소득 | M17: 발급일 유효성, 문서번호, 필수필드, 직인 또는 확인번호 | N17: VAL-001, VAL-002, VAL-003, VAL-009, VAL-011, VAL-013 | O17: 인쇄
A18: FIN-07 | B18: 거래실적·매출증빙 | C18: 기업 | D18: 증빙 | E18: 표중심 | F18: 전자PDF | G18: 금융정보 | H18: 거래처·거래액·기간 | I18: =COUNTIF('3.업무-문서매핑'!$B:$B,A22) -> 2 | K18: 미포함 | O18: 인쇄
A19: FIN-08 | B19: 전자세금계산서 | C19: 기업 | D19: 증빙 | E19: 정형양식 | F19: 전자PDF | G19: 금융정보 | H19: 공급가액·세액·공급자·공급받는자·작성일 | I19: =COUNTIF('3.업무-문서매핑'!$B:$B,A23) -> 1 | J19: 다도메인 고재사용 | K19: 미포함 | L19: 사업자번호, 금액, 거래처 | M19: 금액 합계, 사업자번호 형식, 승인번호, 작성일 | N19: VAL-002, VAL-004, VAL-005 | O19: 인쇄
A20: FIN-09 | B20: 지출증빙(현금영수증·영수증) | C20: 기업 | D20: 증빙 | E20: 반정형 | F20: 스캔이미지 | G20: 금융정보 | H20: 금액·가맹점·일자·항목 | I20: =COUNTIF('3.업무-문서매핑'!$B:$B,A24) -> 1 | J20: 다도메인 재사용 | K20: 미포함 | L20: 가맹점, 금액, 카드 일부번호, 식별번호 일부, 상호, 날짜 | M20: 금액 합계, 승인번호, 결제일, 날짜 | N20: VAL-002, VAL-004 | O20: 수기
A21: FIN-10 | B21: 통장 거래내역서 | C21: 금융기관 | D21: 증빙 | E21: 표중심 | F21: 전자PDF | G21: 금융정보 | H21: 거래일·적요·입출금·잔액 | I21: =COUNTIF('3.업무-문서매핑'!$B:$B,A25) -> 2 | K21: 포함 | L21: 계좌번호, 거래내역 | M21: 표 구조, 합계, 기간 | N21: VAL-004 | O21: 인쇄
A22: FIN-11 | B22: 감사보고서·결산보고서 | C22: 기업 | D22: 보고 | E22: 비정형 | F22: 전자PDF | G22: 금융정보 | H22: 감사의견·재무수치·주석 | I22: =COUNTIF('3.업무-문서매핑'!$B:$B,A26) -> 1 | K22: 미포함 | O22: 인쇄
A23: FIN-13 | B23: 급여대장·임금명세서 | C23: 기업 | D23: 행정/내부 | E23: 표중심 | F23: 전자PDF | G23: 개인정보(민감) | H23: 지급항목·공제항목·실지급액 | I23: =COUNTIF('3.업무-문서매핑'!$B:$B,A28) -> 3 | J23: ACC·HR 재사용 | K23: 포함 | L23: 성명, 급여, 공제, 계좌 가능 | M23: 표 구조, 합계, 기간 | N23: VAL-004 | O23: 인쇄
A24: FIN-14 | B24: 법인세·소득세 신고서 | C24: 기업 | D24: 보고 | E24: 정형양식 | F24: 전자PDF | G24: 금융정보 | H24: 과세표준·산출세액·신고일 | I24: =COUNTIF('3.업무-문서매핑'!$B:$B,A29) -> 2 | K24: 포함 | O24: 인쇄
A25: APP-01 | B25: 여신신청서 | C25: 개인 | D25: 신청 | E25: 정형양식 | F25: 스캔이미지 | G25: 금융정보 | H25: 신청금액·자금용도·상환계획·담보 | I25: =COUNTIF('3.업무-문서매핑'!$B:$B,A30) -> 3 | K25: 포함 | L25: 성명, 소득, 계좌, 주소 | M25: 필수필드, 서명 존재, 첨부서류, 체크박스 | N25: VAL-001, VAL-008, VAL-010 | O25: 수기
A26: APP-02 | B26: 여신거래약정서 | C26: 금융기관 | D26: 계약/약정 | E26: 반정형 | F26: 전자PDF | G26: 금융정보 | H26: 약정금액·금리·기한·특약 | I26: =COUNTIF('3.업무-문서매핑'!$B:$B,A31) -> 1 | K26: 포함 | O26: 수기
A27: APP-03 | B27: 보험청약서 | C27: 개인 | D27: 신청 | E27: 정형양식 | F27: 스캔이미지 | G27: 개인정보(민감) | H27: 피보험자·담보·보험료·고지사항 | I27: =COUNTIF('3.업무-문서매핑'!$B:$B,A32) -> 2 | K27: 포함 | O27: 수기
A28: APP-04 | B28: 보험금청구서 | C28: 개인 | D28: 신청 | E28: 정형양식 | F28: 스캔이미지 | G28: 개인정보(민감) | H28: 청구사유·청구금액·사고일·수익자 | I28: =COUNTIF('3.업무-문서매핑'!$B:$B,A33) -> 1 | K28: 포함 | L28: 피보험자, 사고정보, 계좌, 의료정보 가능 | M28: 서명 존재, 계좌번호 형식, 사고일 형식, 필수첨부, S4 검수 | N28: VAL-001, VAL-006, VAL-008, VAL-015 | O28: 수기
A29: APP-05 | B29: 인허가·보조금 신청서 | C29: 기업 | D29: 신청 | E29: 정형양식 | F29: HWP | G29: 공개 | H29: 신청항목·사업개요·신청액 | I29: =COUNTIF('3.업무-문서매핑'!$B:$B,A34) -> 1 | K29: 포함 | L29: 신청인, 사업자정보, 주소 | M29: 필수필드, 서명 존재, 첨부서류, 체크박스 | N29: VAL-001, VAL-008, VAL-010 | O29: 수기
A30: APP-06 | B30: 계약서(공공·민간) | C30: 기업 | D30: 계약/약정 | E30: 비정형 | F30: 전자PDF | G30: 공개 | H30: 계약당사자·계약금액·기간·의무사항 | I30: =COUNTIF('3.업무-문서매핑'!$B:$B,A35) -> 1 | J30: 다도메인 재사용 | K30: 포함 | L30: 당사자, 금액, 담당자 | M30: 계약기간, 금액, 서명, 자동갱신 및 위험조항 | N30: VAL-002, VAL-004, VAL-008 | O30: 수기
A31: APP-07 | B31: 근로계약서 | C31: 기업 | D31: 계약/약정 | E31: 반정형 | F31: 전자PDF | G31: 개인정보(일반) | H31: 근로자·임금·근로시간·계약기간 | I31: =COUNTIF('3.업무-문서매핑'!$B:$B,A36) -> 2 | J31: HR 재사용 | K31: 포함 | L31: 성명, 주소, 임금, 계좌 가능 | M31: 계약기간, 금액, 서명, 자동갱신 및 위험조항 | N31: VAL-002, VAL-004, VAL-008 | O31: 수기
A32: APP-08 | B32: 임대차계약서 | C32: 개인 | D32: 계약/약정 | E32: 반정형 | F32: 스캔이미지 | G32: 개인정보(일반) | H32: 임대인·임차인·보증금·차임·기간 | I32: =COUNTIF('3.업무-문서매핑'!$B:$B,A37) -> 0 | K32: 포함 | L32: 임대인, 임차인, 주소, 보증금 | M32: 계약기간, 금액, 서명, 자동갱신 및 위험조항 | N32: VAL-002, VAL-004, VAL-008 | O32: 수기
A33: APP-09 | B33: 공급·구매계약서 | C33: 기업 | D33: 계약/약정 | E33: 비정형 | F33: 전자PDF | G33: 공개 | H33: 품목·단가·납기·결제조건 | I33: =COUNTIF('3.업무-문서매핑'!$B:$B,A38) -> 1 | J33: MFG·TRD 재사용 | K33: 포함 | L33: 당사자, 금액, 담당자 | M33: 계약기간, 금액, 서명, 자동갱신 및 위험조항 | N33: VAL-002, VAL-004, VAL-008 | O33: 수기
A34: APP-10 | B34: 용역계약서 | C34: 기업 | D34: 계약/약정 | E34: 비정형 | F34: 전자PDF | G34: 공개 | H34: 용역범위·대가·기간·산출물 | I34: =COUNTIF('3.업무-문서매핑'!$B:$B,A39) -> 4 | K34: 포함 | L34: 당사자, 금액, 담당자 | M34: 계약기간, 금액, 서명, 자동갱신 및 위험조항 | N34: VAL-002, VAL-004, VAL-008 | O34: 수기
A35: APP-11 | B35: 비밀유지계약서(NDA) | C35: 기업 | D35: 계약/약정 | E35: 비정형 | F35: 전자PDF | G35: 공개 | H35: 당사자·비밀정보범위·기간 | I35: =COUNTIF('3.업무-문서매핑'!$B:$B,A40) -> 0 | K35: 포함 | L35: 당사자, 담당자 | M35: 계약기간, 금액, 서명, 자동갱신 및 위험조항 | N35: VAL-002, VAL-004, VAL-008 | O35: 수기
A36: APP-12 | B36: 약관·상품설명서 | C36: 금융기관 | D36: 계약/약정 | E36: 비정형 | F36: 전자PDF | G36: 공개 | H36: 보장내용·면책·수수료·고지 | I36: =COUNTIF('3.업무-문서매핑'!$B:$B,A41) -> 3 | K36: 미포함 | O36: 인쇄
A37: APP-13 | B37: 계좌개설신청서 | C37: 개인 | D37: 신청 | E37: 정형양식 | F37: 스캔이미지 | G37: 금융정보 | H37: 고객정보·계좌종류·실명확인 | I37: =COUNTIF('3.업무-문서매핑'!$B:$B,A42) -> 1 | K37: 포함 | L37: 성명, 연락처, 주소, 계좌정보 | M37: 필수필드, 서명 존재, 필수 체크박스, 손글씨 confidence | N37: VAL-001, VAL-008, VAL-010, VAL-014 | O37: 수기
A38: APP-14 | B38: 카드발급신청서 | C38: 개인 | D38: 신청 | E38: 정형양식 | F38: 스캔이미지 | G38: 금융정보 | H38: 신청인·소득·한도신청·동의 | I38: =COUNTIF('3.업무-문서매핑'!$B:$B,A43) -> 3 | K38: 포함 | O38: 수기
A39: CRD-01 | B39: 신용정보조회서(NICE·KCB) | C39: 기업 | D39: 심사/평가 | E39: 표중심 | F39: 전자PDF | G39: 금융정보 | H39: 신용등급·연체이력·대출현황 | I39: =COUNTIF('3.업무-문서매핑'!$B:$B,A44) -> 1 | K39: 포함 | O39: 인쇄
A40: CRD-02 | B40: 기업신용등급평가서 | C40: 기업 | D40: 심사/평가 | E40: 비정형 | F40: 전자PDF | G40: 금융정보 | H40: 신용등급·재무·비재무 평가 | I40: =COUNTIF('3.업무-문서매핑'!$B:$B,A45) -> 3 | K40: 미포함 | O40: 인쇄
A41: COL-01 | B41: 부동산등기부등본(등기사항전부증명서) | C41: 법원/공증 | D41: 증명 | E41: 표중심 | F41: 전자PDF | G41: 공개 | H41: 소유자·면적·근저당·권리관계 | I41: =COUNTIF('3.업무-문서매핑'!$B:$B,A46) -> 3 | J41: 다도메인 재사용 | K41: 포함 | L41: 소유자, 주소, 권리관계 | M41: 발급일 유효성, 문서번호, 필수필드, 직인 또는 확인번호 | N41: VAL-001, VAL-002, VAL-003, VAL-009, VAL-011, VAL-013 | O41: 인쇄
A42: COL-02 | B42: 감정평가서 | C42: 기업 | D42: 심사/평가 | E42: 비정형 | F42: 전자PDF | G42: 공개 | H42: 평가액·평가방법·물건개요 | I42: =COUNTIF('3.업무-문서매핑'!$B:$B,A47) -> 3 | K42: 미포함 | O42: 인쇄
A43: COL-03 | B43: 토지대장·건축물대장 | C43: 정부/공공 | D43: 증명 | E43: 표중심 | F43: 스캔이미지 | G43: 공개 | H43: 지목·면적·용도·소유자 | I43: =COUNTIF('3.업무-문서매핑'!$B:$B,A48) -> 1 | K43: 미포함 | L43: 소유자, 건축물 정보, 토지정보 | M43: 발급일 유효성, 문서번호, 필수필드, 직인 또는 확인번호 | N43: VAL-001, VAL-002, VAL-003, VAL-009, VAL-011, VAL-013 | O43: 인쇄
A44: COL-05 | B44: 공시지가확인원 | C44: 정부/공공 | D44: 증명 | E44: 정형양식 | F44: 스캔이미지 | G44: 공개 | H44: 공시지가·기준일·소재지 | I44: =COUNTIF('3.업무-문서매핑'!$B:$B,A50) -> 7 | K44: 미포함 | O44: 인쇄
A45: RPT-01 | B45: 사업계획서·자금사용계획서 | C45: 기업 | D45: 보고 | E45: 비정형 | F45: 전자PDF | G45: 공개 | H45: 사업개요·시장·재무계획·자금용도 | I45: =COUNTIF('3.업무-문서매핑'!$B:$B,A51) -> 13 | J45: 다도메인 재사용 | K45: 미포함 | O45: 인쇄
A46: RPT-02 | B46: 여신 심사의견서 [산출물] | C46: 금융기관 | D46: 심사/평가 | E46: 비정형 | F46: 전자PDF | G46: 금융정보 | H46: 심사의견·여신조건·리스크·결재 | I46: =COUNTIF('3.업무-문서매핑'!$B:$B,A52) -> 2 | J46: DEEP Agent 산출물 | K46: 미포함 | O46: 인쇄
A47: RPT-03 | B47: 손해사정서 [산출물] | C47: 보험기관 | D47: 심사/평가 | E47: 비정형 | F47: 전자PDF | G47: 개인정보(민감) | H47: 손해액·과실비율·지급의견 | I47: =COUNTIF('3.업무-문서매핑'!$B:$B,A53) -> 4 | J47: DEEP Agent 산출물 | K47: 포함 | O47: 인쇄
A48: RPT-04 | B48: 정산보고서 | C48: 기업 | D48: 보고 | E48: 표중심 | F48: HWP | G48: 공개 | H48: 집행내역·증빙대사·잔액 | I48: =COUNTIF('3.업무-문서매핑'!$B:$B,A54) -> 4 | K48: 미포함 | O48: 인쇄
A49: RPT-06 | B49: 타당성·시장조사 보고서 | C49: 기업 | D49: 보고 | E49: 비정형 | F49: 전자PDF | G49: 공개 | H49: 시장규모·경쟁·전망·결론 | I49: =COUNTIF('3.업무-문서매핑'!$B:$B,A56) -> 2 | K49: 미포함 | O49: 인쇄
A50: RPT-07 | B50: 내부 심사·결재 문서 [산출물] | C50: 기업 | D50: 행정/내부 | E50: 반정형 | F50: HWP | G50: 공개 | H50: 기안내용·검토의견·전결 | I50: =COUNTIF('3.업무-문서매핑'!$B:$B,A57) -> 2 | J50: DEEP Agent 산출물 | K50: 미포함 | O50: 인쇄
A51: RPT-08 | B51: 컴플라이언스 점검보고서 [산출물] | C51: 기업 | D51: 심사/평가 | E51: 비정형 | F51: 전자PDF | G51: 공개 | H51: 점검항목·적정여부·시정조치 | I51: =COUNTIF('3.업무-문서매핑'!$B:$B,A58) -> 1 | J51: DEEP Agent 산출물 | K51: 미포함 | O51: 인쇄
A52: MED-01 | B52: 건강진단서·검진결과 | C52: 의료기관 | D52: 의무기록 | E52: 표중심 | F52: 스캔이미지 | G52: 의료정보 | H52: 검사항목·결과수치·판정 | I52: =COUNTIF('3.업무-문서매핑'!$B:$B,A59) -> 1 | K52: 포함 | L52: 검진자, 검사결과, 민감정보 | M52: 진료일, 의사 서명, 병원 도장, 민감정보 접근권한 | N52: VAL-002, VAL-008, VAL-009, VAL-015 | O52: 수기
A53: MED-02 | B53: 의무기록 사본 | C53: 의료기관 | D53: 의무기록 | E53: 비정형 | F53: 스캔이미지 | G53: 의료정보 | H53: 진단명·경과·처치·투약 | I53: =COUNTIF('3.업무-문서매핑'!$B:$B,A60) -> 1 | J53: 보험 다업무 재사용 | K53: 포함 | O53: 수기
A54: MED-03 | B54: 진단서·소견서 | C54: 의료기관 | D54: 의무기록 | E54: 반정형 | F54: 스캔이미지 | G54: 의료정보 | H54: 진단명·상병코드·치료기간·의사 | I54: =COUNTIF('3.업무-문서매핑'!$B:$B,A61) -> 1 | K54: 포함 | L54: 환자, 진단명, 질병코드, 진료내용, 의사소견 | M54: 의사 서명, 병원 도장, 날짜 형식, S4 human-in-the-loop, 진료일, 민감정보 접근권한 | N54: VAL-002, VAL-008, VAL-009, VAL-015 | O54: 수기
A55: MED-04 | B55: 진료비계산서·영수증 | C55: 의료기관 | D55: 증빙 | E55: 표중심 | F55: 스캔이미지 | G55: 의료정보 | H55: 급여·비급여·본인부담·총액 | I55: =COUNTIF('3.업무-문서매핑'!$B:$B,A62) -> 2 | K55: 포함 | L55: 환자, 진료일, 진료비, 진료항목, 금액 | M55: 금액 합계, 진료일 형식, 병원명, S4 권한, 표 구조, 합계, 기간 | N55: VAL-002, VAL-004, VAL-015 | O55: 인쇄
A56: MED-05 | B56: 입퇴원확인서 | C56: 의료기관 | D56: 의무기록 | E56: 정형양식 | F56: 스캔이미지 | G56: 의료정보 | H56: 입원일·퇴원일·진단·병동 | I56: =COUNTIF('3.업무-문서매핑'!$B:$B,A63) -> 1 | K56: 포함 | L56: 환자, 입원기간, 병명 가능 | M56: 진료일, 의사 서명, 병원 도장, 민감정보 접근권한 | N56: VAL-002, VAL-008, VAL-009, VAL-015 | O56: 인쇄
A57: MED-06 | B57: 처방전·약제비영수증 | C57: 의료기관 | D57: 의무기록 | E57: 반정형 | F57: 스캔이미지 | G57: 의료정보 | H57: 약품명·용량·조제일·금액 | I57: =COUNTIF('3.업무-문서매핑'!$B:$B,A64) -> 1 | K57: 포함 | L57: 환자, 의약품, 병원, 의사, 약국, 금액 | M57: 진료일, 의사 서명, 병원 도장, 민감정보 접근권한, 금액 합계, 승인번호, 날짜 | N57: VAL-002, VAL-004, VAL-008, VAL-009, VAL-015 | O57: 수기
A58: MED-07 | B58: 사망진단서·사체검안서 | C58: 의료기관 | D58: 의무기록 | E58: 정형양식 | F58: 스캔이미지 | G58: 의료정보 | H58: 사망원인·사망일시·발급의 | I58: =COUNTIF('3.업무-문서매핑'!$B:$B,A65) -> 2 | K58: 포함 | O58: 수기
A59: MED-08 | B59: 수술기록지 | C59: 의료기관 | D59: 의무기록 | E59: 비정형 | F59: 스캔이미지 | G59: 의료정보 | H59: 수술명·수술일·집도의·소견 | I59: =COUNTIF('3.업무-문서매핑'!$B:$B,A66) -> 0 | K59: 포함 | L59: 환자, 수술명, 수술일 | M59: 진료일, 의사 서명, 병원 도장, 민감정보 접근권한 | N59: VAL-002, VAL-008, VAL-009, VAL-015 | O59: 수기
A60: MED-09 | B60: 검사결과지(영상·병리) | C60: 의료기관 | D60: 의무기록 | E60: 이미지+표 혼합 | F60: 스캔이미지 | G60: 의료정보 | H60: 검사종류·판독소견·일자 | I60: =COUNTIF('3.업무-문서매핑'!$B:$B,A67) -> 1 | K60: 포함 | O60: 인쇄
A61: INC-01 | B61: 사고사실확인원·교통사고사실확인원 | C61: 정부/공공 | D61: 증빙 | E61: 정형양식 | F61: 스캔이미지 | G61: 개인정보(일반) | H61: 사고일시·장소·당사자·개요 | I61: =COUNTIF('3.업무-문서매핑'!$B:$B,A68) -> 4 | K61: 포함 | O61: 인쇄
A62: INC-02 | B62: 교통사고조사서·경찰자료 | C62: 정부/공공 | D62: 증빙 | E62: 비정형 | F62: 스캔이미지 | G62: 개인정보(일반) | H62: 사고경위·과실·진술 | I62: =COUNTIF('3.업무-문서매핑'!$B:$B,A69) -> 1 | K62: 포함 | O62: 수기
A63: INC-03 | B63: 사고현장 사진·증빙 | C63: 개인 | D63: 증빙 | E63: 이미지+표 혼합 | F63: 이미지+표 혼합 | G63: 개인정보(일반) | H63: 손상부위·현장상황 | I63: =COUNTIF('3.업무-문서매핑'!$B:$B,A70) -> 2 | K63: 포함 | O63: 인쇄
A64: INC-04 | B64: 수리견적서 | C64: 기업 | D64: 증빙 | E64: 표중심 | F64: 스캔이미지 | G64: 공개 | H64: 수리항목·부품·공임·총액 | I64: =COUNTIF('3.업무-문서매핑'!$B:$B,A71) -> 2 | K64: 미포함 | L64: 거래처, 금액, 품목 | M64: 금액 합계, 유효기간, 품목표 추출 | N64: VAL-002, VAL-004 | O64: 수기
A65: ADM-01 | B65: 회의록(이사회·주총) | C65: 기업 | D65: 행정/내부 | E65: 비정형 | F65: HWP | G65: 공개 | H65: 안건·결의사항·참석자·일자 | I65: =COUNTIF('3.업무-문서매핑'!$B:$B,A73) -> 2 | K65: 미포함 | L65: 참석자, 담당자 | M65: 표 추출, 요약, 첨부목록, 후속조치 | N65: VAL-001 | O65: 인쇄
A66: ADM-02 | B66: 결재·전결 문서 | C66: 기업 | D66: 행정/내부 | E66: 반정형 | F66: HWP | G66: 공개 | H66: 기안·검토·승인·전결권자 | I66: =COUNTIF('3.업무-문서매핑'!$B:$B,A74) -> 2 | K66: 미포함 | O66: 인쇄
A67: ADM-03 | B67: 입찰제안서(RFP 대응) | C67: 기업 | D67: 보고 | E67: 비정형 | F67: HWP | G67: 공개 | H67: 제안내용·가격·수행계획·인력 | I67: =COUNTIF('3.업무-문서매핑'!$B:$B,A75) -> 1 | K67: 미포함 | O67: 인쇄
A68: ADM-04 | B68: 산출내역서·견적서 | C68: 기업 | D68: 증빙 | E68: 표중심 | F68: 전자PDF | G68: 공개 | H68: 항목·수량·단가·합계 | I68: =COUNTIF('3.업무-문서매핑'!$B:$B,A76) -> 2 | J68: 다도메인 재사용 | K68: 미포함 | L68: 거래처, 금액, 품목 | M68: 금액 합계, 유효기간, 품목표 추출 | N68: VAL-002, VAL-004 | O68: 인쇄
A69: ADM-05 | B69: 기안문 | C69: 정부/공공 | D69: 행정/내부 | E69: 반정형 | F69: HWP | G69: 공개 | H69: 제목·본문·붙임·기안자 | I69: =COUNTIF('3.업무-문서매핑'!$B:$B,A77) -> 2 | K69: 미포함 | O69: 인쇄
A70: ADM-06 | B70: 시행문·공문(HWP) | C70: 정부/공공 | D70: 행정/내부 | E70: 반정형 | F70: HWP | G70: 공개 | H70: 수신·제목·본문·시행일 | I70: =COUNTIF('3.업무-문서매핑'!$B:$B,A78) -> 2 | J70: 공공 고재사용 | K70: 미포함 | L70: 담당자, 기관정보 가능, 기관정보 | M70: 시행번호, 날짜, 첨부목록, 발신기관 | N70: VAL-001, VAL-002 | O70: 인쇄
A71: ADM-07 | B71: 품의서·지출결의서 | C71: 기업 | D71: 행정/내부 | E71: 반정형 | F71: HWP | G71: 공개 | H71: 품의사유·금액·계정·승인 | I71: =COUNTIF('3.업무-문서매핑'!$B:$B,A79) -> 1 | K71: 미포함 | O71: 인쇄
A72: TRD-01 | B72: 상업송장(Commercial Invoice) | C72: 기업 | D72: 증빙 | E72: 표중심 | F72: 전자PDF | G72: 공개 | H72: 품목·수량·단가·금액·거래조건 | I72: =COUNTIF('3.업무-문서매핑'!$B:$B,A80) -> 2 | K72: 미포함 | L72: 거래처, 품목, 금액 | M72: 금액 합계, 통화, Invoice No, 영문명 유지 | N72: VAL-004 | O72: 인쇄
A73: TRD-02 | B73: 포장명세서(Packing List) | C73: 기업 | D73: 증빙 | E73: 표중심 | F73: 전자PDF | G73: 공개 | H73: 포장단위·중량·수량·부피 | I73: =COUNTIF('3.업무-문서매핑'!$B:$B,A81) -> 1 | K73: 미포함 | L73: 거래처, 품목, 중량 | M73: 수량 합계, 중량 합계, 품목명 매핑 | N73: VAL-004 | O73: 인쇄
A74: TRD-03 | B74: 선하증권(B/L)·항공운송장(AWB) | C74: 기업 | D74: 증빙 | E74: 반정형 | F74: 전자PDF | G74: 공개 | H74: 송하인·수하인·물품·운송조건 | I74: =COUNTIF('3.업무-문서매핑'!$B:$B,A82) -> 1 | K74: 미포함 | L74: 거래처, 운송정보 | M74: B/L 번호, 항구명, 날짜, 선적정보 | N74: VAL-002 | O74: 인쇄
A75: TRD-04 | B75: 신용장(L/C) | C75: 금융기관 | D75: 계약/약정 | E75: 비정형 | F75: 전자PDF | G75: 금융정보 | H75: 개설은행·금액·선적조건·서류조건 | I75: =COUNTIF('3.업무-문서매핑'!$B:$B,A83) -> 3 | K75: 미포함 | O75: 인쇄
A76: TRD-05 | B76: 수출입신고필증 | C76: 정부/공공 | D76: 증명 | E76: 정형양식 | F76: 전자PDF | G76: 공개 | H76: 신고번호·품목·세번·과세가격 | I76: =COUNTIF('3.업무-문서매핑'!$B:$B,A84) -> 1 | K76: 미포함 | L76: 수입자, 품목, 세액, 수출자, 금액 | M76: 신고번호, 관할기관, 유효기간 | N76: VAL-002 | O76: 인쇄
A77: TRD-06 | B77: 원산지증명서(C/O) | C77: 정부/공공 | D77: 증명 | E77: 정형양식 | F77: 스캔이미지 | G77: 공개 | H77: 원산지·품목·HS코드·발급기관 | I77: =COUNTIF('3.업무-문서매핑'!$B:$B,A85) -> 1 | K77: 미포함 | L77: 수출자, 수입자, 원산지 | M77: 수량 합계, 중량 합계, 통화, HS Code, 운송번호 | N77: VAL-004 | O77: 인쇄
A78: TRD-07 | B78: 발주서(PO)·거래명세서 | C78: 기업 | D78: 증빙 | E78: 표중심 | F78: 전자PDF | G78: 공개 | H78: 발주번호·품목·수량·납기 | I78: =COUNTIF('3.업무-문서매핑'!$B:$B,A86) -> 1 | J78: MFG 재사용 | K78: 미포함 | L78: 거래처, 품목, 납기, 금액 | M78: 금액 합계, 사업자번호, 승인번호, 중복검사, 품목별 합계, 금액 형식, 거래처명, 날짜 형식 | N78: VAL-002, VAL-004, VAL-005, VAL-011 | O78: 인쇄
A79: LGL-01 | B79: 소장·답변서 | C79: 법원/공증 | D79: 행정/내부 | E79: 비정형 | F79: 전자PDF | G79: 공개 | H79: 청구취지·청구원인·당사자 | I79: =COUNTIF('3.업무-문서매핑'!$B:$B,A87) -> 1 | K79: 미포함 | O79: 인쇄
A80: LGL-02 | B80: 판결문·결정문 | C80: 법원/공증 | D80: 증명 | E80: 비정형 | F80: 전자PDF | G80: 공개 | H80: 주문·이유·사건번호·법원 | I80: =COUNTIF('3.업무-문서매핑'!$B:$B,A88) -> 1 | K80: 미포함 | O80: 인쇄
A81: LGL-03 | B81: 내용증명 | C81: 개인 | D81: 행정/내부 | E81: 비정형 | F81: 스캔이미지 | G81: 공개 | H81: 발신·수신·요지·일자 | I81: =COUNTIF('3.업무-문서매핑'!$B:$B,A89) -> 0 | K81: 포함 | L81: 성명, 주소, 청구내용 | M81: 시행번호, 날짜, 첨부목록, 발신기관 | N81: VAL-001, VAL-002 | O81: 인쇄
A82: LGL-04 | B82: 개인정보 처리방침·동의서 | C82: 기업 | D82: 계약/약정 | E82: 비정형 | F82: 전자PDF | G82: 개인정보(일반) | H82: 수집항목·이용목적·보유기간·동의 | I82: =COUNTIF('3.업무-문서매핑'!$B:$B,A90) -> 1 | K82: 포함 | L82: 성명, 연락처, 동의항목 | M82: 필수동의, 선택동의, 서명, 보유기간 명시 | N82: VAL-008, VAL-010 | O82: 수기
A83: LGL-05 | B83: 사규·내규 문서 | C83: 기업 | D83: 행정/내부 | E83: 비정형 | F83: HWP | G83: 공개 | H83: 규정명·조항·적용범위 | I83: =COUNTIF('3.업무-문서매핑'!$B:$B,A91) -> 0 | K83: 미포함 | O83: 인쇄
A84: HR-01 | B84: 이력서·입사지원서 | C84: 개인 | D84: 신청 | E84: 반정형 | F84: 전자PDF | G84: 개인정보(민감) | H84: 인적사항·학력·경력·자기소개 | I84: =COUNTIF('3.업무-문서매핑'!$B:$B,A92) -> 1 | K84: 포함 | O84: 수기
A85: HR-02 | B85: 인사기록카드 | C85: 기업 | D85: 행정/내부 | E85: 표중심 | F85: 전자PDF | G85: 개인정보(민감) | H85: 발령이력·평가·교육·상벌 | I85: =COUNTIF('3.업무-문서매핑'!$B:$B,A93) -> 1 | K85: 포함 | O85: 수기
A86: HR-03 | B86: 근태기록·출근부 | C86: 기업 | D86: 행정/내부 | E86: 표중심 | F86: 전자PDF | G86: 개인정보(일반) | H86: 출퇴근·연장·휴가·결근 | I86: =COUNTIF('3.업무-문서매핑'!$B:$B,A94) -> 1 | K86: 포함 | O86: 수기
A87: HR-04 | B87: 인사평가서 | C87: 기업 | D87: 심사/평가 | E87: 반정형 | F87: 전자PDF | G87: 개인정보(민감) | H87: 평가항목·점수·등급·코멘트 | I87: =COUNTIF('3.업무-문서매핑'!$B:$B,A95) -> 1 | K87: 포함 | O87: 인쇄
A88: SEC-01 | B88: 투자설명서·증권신고서 | C88: 기업 | D88: 보고 | E88: 비정형 | F88: 전자PDF | G88: 금융정보 | H88: 발행조건·위험요소·재무·사업 | I88: =COUNTIF('3.업무-문서매핑'!$B:$B,A97) -> 1 | K88: 미포함 | O88: 인쇄
A89: SEC-02 | B89: 펀드 운용보고서 | C89: 금융기관 | D89: 보고 | E89: 표중심 | F89: 전자PDF | G89: 금융정보 | H89: 운용성과·자산구성·보수 | I89: =COUNTIF('3.업무-문서매핑'!$B:$B,A98) -> 0 | K89: 미포함 | O89: 인쇄
A90: SEC-03 | B90: 투자성향·적합성 설문 | C90: 개인 | D90: 심사/평가 | E90: 정형양식 | F90: 전자PDF | G90: 금융정보 | H90: 위험감내·투자목적·기간 | I90: =COUNTIF('3.업무-문서매핑'!$B:$B,A99) -> 0 | K90: 포함 | O90: 수기
A91: SEC-04 | B91: 예탁·잔고 증명 | C91: 금융기관 | D91: 증명 | E91: 표중심 | F91: 전자PDF | G91: 금융정보 | H91: 종목·수량·평가액·기준일 | I91: =COUNTIF('3.업무-문서매핑'!$B:$B,A100) -> 0 | K91: 포함 | L91: 계좌번호, 잔액 | M91: 발급일 유효성, 문서번호, 필수필드, 직인 또는 확인번호 | N91: VAL-001, VAL-002, VAL-003, VAL-009, VAL-011, VAL-013 | O91: 인쇄
A92: CON-01 | B92: 설계도면 | C92: 기업 | D92: 행정/내부 | E92: 이미지+표 혼합 | F92: 전자PDF | G92: 공개 | H92: 도면번호·축척·범례·치수 | I92: =COUNTIF('3.업무-문서매핑'!$B:$B,A101) -> 0 | K92: 미포함 | O92: 인쇄
A93: CON-02 | B93: 시방서 | C93: 기업 | D93: 행정/내부 | E93: 비정형 | F93: HWP | G93: 공개 | H93: 공종·자재·시공기준 | I93: =COUNTIF('3.업무-문서매핑'!$B:$B,A102) -> 0 | K93: 미포함 | O93: 인쇄
A94: CON-03 | B94: 감리보고서 | C94: 기업 | D94: 보고 | E94: 비정형 | F94: 전자PDF | G94: 공개 | H94: 검측결과·지적사항·조치 | I94: =COUNTIF('3.업무-문서매핑'!$B:$B,A103) -> 0 | K94: 미포함 | O94: 인쇄
A95: CON-04 | B95: 준공·사용승인 서류 | C95: 정부/공공 | D95: 증명 | E95: 정형양식 | F95: 스캔이미지 | G95: 공개 | H95: 준공일·승인번호·검사결과 | I95: =COUNTIF('3.업무-문서매핑'!$B:$B,A104) -> 0 | K95: 미포함 | O95: 인쇄
A96: QC-01 | B96: 품질·시험성적서 | C96: 기업 | D96: 심사/평가 | E96: 표중심 | F96: 전자PDF | G96: 공개 | H96: 시험항목·기준·결과·판정 | I96: =COUNTIF('3.업무-문서매핑'!$B:$B,A105) -> 0 | K96: 미포함 | O96: 인쇄
A97: QC-02 | B97: 입고·검수 보고서 | C97: 기업 | D97: 심사/평가 | E97: 표중심 | F97: 전자PDF | G97: 공개 | H97: 품목·수량·검수결과·불량 | I97: =COUNTIF('3.업무-문서매핑'!$B:$B,A106) -> 0 | K97: 미포함 | O97: 인쇄

Sheet 2.업무분류
A1: 업무ID | B1: 산업도메인 | C1: 업무명 | D1: 업무 설명 | E1: 산출물ID | F1: 입력문서 수 | G1: 필수 입력문서 수
A2: BANK-01 | B2: 금융 - 은행 (여신·신용·외환) | C2: 기업여신 심사 | D2: 기업 대출 신청에 대한 재무·신용·담보 종합 심사 | E2: RPT-02 | F2: =COUNTIFS('3.업무-문서매핑'!$A:$A,A2,'3.업무-문서매핑'!$C:$C,"입력") -> 11 | G2: =COUNTIFS('3.업무-문서매핑'!$A:$A,A2,'3.업무-문서매핑'!$C:$C,"입력",'3.업무-문서매핑'!$D:$D,"필수") -> 6
A3: BANK-02 | B3: 금융 - 은행 (여신·신용·외환) | C3: 가계여신 심사 | D3: 개인 대출 신청에 대한 소득·신용 심사 | E3: RPT-02 | F3: =COUNTIFS('3.업무-문서매핑'!$A:$A,A3,'3.업무-문서매핑'!$C:$C,"입력") -> 6 | G3: =COUNTIFS('3.업무-문서매핑'!$A:$A,A3,'3.업무-문서매핑'!$C:$C,"입력",'3.업무-문서매핑'!$D:$D,"필수") -> 5
A4: BANK-04 | B4: 금융 - 은행 (여신·신용·외환) | C4: 담보평가 | D4: 부동산·자산 담보가치 산정 및 권리 확인 | E4: - | F4: =COUNTIFS('3.업무-문서매핑'!$A:$A,A5,'3.업무-문서매핑'!$C:$C,"입력") -> 5 | G4: =COUNTIFS('3.업무-문서매핑'!$A:$A,A5,'3.업무-문서매핑'!$C:$C,"입력",'3.업무-문서매핑'!$D:$D,"필수") -> 4
A5: BANK-05 | B5: 금융 - 은행 (여신·신용·외환) | C5: KYC·AML 고객확인 | D5: 고객확인 및 실소유자 검증 | E5: RPT-08 | F5: =COUNTIFS('3.업무-문서매핑'!$A:$A,A6,'3.업무-문서매핑'!$C:$C,"입력") -> 4 | G5: =COUNTIFS('3.업무-문서매핑'!$A:$A,A6,'3.업무-문서매핑'!$C:$C,"입력",'3.업무-문서매핑'!$D:$D,"필수") -> 1
A6: BANK-07 | B6: 금융 - 은행 (여신·신용·외환) | C6: 여신 사후관리·모니터링 | D6: 약정 이후 거래·재무 변동 모니터링 | E6: RPT-07 | F6: =COUNTIFS('3.업무-문서매핑'!$A:$A,A8,'3.업무-문서매핑'!$C:$C,"입력") -> 5 | G6: =COUNTIFS('3.업무-문서매핑'!$A:$A,A8,'3.업무-문서매핑'!$C:$C,"입력",'3.업무-문서매핑'!$D:$D,"필수") -> 3
A7: SEC-T1 | B7: 금융 - 증권·자산운용 | C7: 투자상품 적합성·적정성 점검 | D7: 투자자 성향과 상품 위험도 매칭 검증 | E7: RPT-08 | F7: =COUNTIFS('3.업무-문서매핑'!$A:$A,A11,'3.업무-문서매핑'!$C:$C,"입력") -> 7 | G7: =COUNTIFS('3.업무-문서매핑'!$A:$A,A11,'3.업무-문서매핑'!$C:$C,"입력",'3.업무-문서매핑'!$D:$D,"필수") -> 3
A8: SEC-T3 | B8: 금융 - 증권·자산운용 | C8: IB 실사(due diligence) 문서검토 | D8: 투자 대상 재무·법무 실사 자료 검토 | E8: RPT-06 | F8: =COUNTIFS('3.업무-문서매핑'!$A:$A,A13,'3.업무-문서매핑'!$C:$C,"입력") -> 4 | G8: =COUNTIFS('3.업무-문서매핑'!$A:$A,A13,'3.업무-문서매핑'!$C:$C,"입력",'3.업무-문서매핑'!$D:$D,"필수") -> 3
A9: CARD-01 | B9: 금융 - 카드·여신전문 | C9: 카드 발급심사 | D9: 카드 발급 신청 소득·신용 심사 | E9: RPT-02 | F9: =COUNTIFS('3.업무-문서매핑'!$A:$A,A15,'3.업무-문서매핑'!$C:$C,"입력") -> 4 | G9: =COUNTIFS('3.업무-문서매핑'!$A:$A,A15,'3.업무-문서매핑'!$C:$C,"입력",'3.업무-문서매핑'!$D:$D,"필수") -> 2
A10: INS-01 | B10: 보험 (생명·손해) | C10: 인수심사(Underwriting) | D10: 청약 위험 평가 및 인수 여부 결정 | E10: RPT-08 | F10: =COUNTIFS('3.업무-문서매핑'!$A:$A,A17,'3.업무-문서매핑'!$C:$C,"입력") -> 4 | G10: =COUNTIFS('3.업무-문서매핑'!$A:$A,A17,'3.업무-문서매핑'!$C:$C,"입력",'3.업무-문서매핑'!$D:$D,"필수") -> 2
A11: INS-02 | B11: 보험 (생명·손해) | C11: 보험금청구 심사(Claims) | D11: 청구 서류 검증 및 지급 심사 | E11: RPT-03 | F11: =COUNTIFS('3.업무-문서매핑'!$A:$A,A18,'3.업무-문서매핑'!$C:$C,"입력") -> 4 | G11: =COUNTIFS('3.업무-문서매핑'!$A:$A,A18,'3.업무-문서매핑'!$C:$C,"입력",'3.업무-문서매핑'!$D:$D,"필수") -> 3
A12: INS-03 | B12: 보험 (생명·손해) | C12: 손해사정 | D12: 손해액 산정 및 과실 평가 | E12: RPT-03 | F12: =COUNTIFS('3.업무-문서매핑'!$A:$A,A19,'3.업무-문서매핑'!$C:$C,"입력") -> 3 | G12: =COUNTIFS('3.업무-문서매핑'!$A:$A,A19,'3.업무-문서매핑'!$C:$C,"입력",'3.업무-문서매핑'!$D:$D,"필수") -> 1
A13: INS-04 | B13: 보험 (생명·손해) | C13: 사망·장해 보험금 심사 | D13: 사망·장해 청구의 인과 및 지급 심사 | E13: RPT-03 | F13: =COUNTIFS('3.업무-문서매핑'!$A:$A,A20,'3.업무-문서매핑'!$C:$C,"입력") -> 3 | G13: =COUNTIFS('3.업무-문서매핑'!$A:$A,A20,'3.업무-문서매핑'!$C:$C,"입력",'3.업무-문서매핑'!$D:$D,"필수") -> 2
A14: INS-05 | B14: 보험 (생명·손해) | C14: 보험사기 탐지(SIU) 보조 | D14: 이상 청구 패턴 및 문서 정합성 점검 | E14: RPT-08 | F14: =COUNTIFS('3.업무-문서매핑'!$A:$A,A21,'3.업무-문서매핑'!$C:$C,"입력") -> 2 | G14: =COUNTIFS('3.업무-문서매핑'!$A:$A,A21,'3.업무-문서매핑'!$C:$C,"입력",'3.업무-문서매핑'!$D:$D,"필수") -> 1
A15: GOV-01 | B15: 공공·행정 (B2G) | C15: 인허가 심사 | D15: 인허가 신청 서류 검토 및 적합성 판단 | E15: RPT-07 | F15: =COUNTIFS('3.업무-문서매핑'!$A:$A,A22,'3.업무-문서매핑'!$C:$C,"입력") -> 3 | G15: =COUNTIFS('3.업무-문서매핑'!$A:$A,A22,'3.업무-문서매핑'!$C:$C,"입력",'3.업무-문서매핑'!$D:$D,"필수") -> 2
A16: GOV-02 | B16: 공공·행정 (B2G) | C16: 보조금·지원금 심사 | D16: 지원사업 신청 적격성 및 평가 | E16: RPT-07 | F16: =COUNTIFS('3.업무-문서매핑'!$A:$A,A23,'3.업무-문서매핑'!$C:$C,"입력") -> 3 | G16: =COUNTIFS('3.업무-문서매핑'!$A:$A,A23,'3.업무-문서매핑'!$C:$C,"입력",'3.업무-문서매핑'!$D:$D,"필수") -> 1
A17: GOV-03 | B17: 공공·행정 (B2G) | C17: 보조금 정산 검토 | D17: 집행 증빙과 정산보고서 대사 | E17: RPT-08 | F17: =COUNTIFS('3.업무-문서매핑'!$A:$A,A24,'3.업무-문서매핑'!$C:$C,"입력") -> 2 | G17: =COUNTIFS('3.업무-문서매핑'!$A:$A,A24,'3.업무-문서매핑'!$C:$C,"입력",'3.업무-문서매핑'!$D:$D,"필수") -> 1
A18: GOV-04 | B18: 공공·행정 (B2G) | C18: 조달·입찰 평가 | D18: 입찰 제안서 평가 및 적격성 심사 | E18: RPT-07 | F18: =COUNTIFS('3.업무-문서매핑'!$A:$A,A25,'3.업무-문서매핑'!$C:$C,"입력") -> 3 | G18: =COUNTIFS('3.업무-문서매핑'!$A:$A,A25,'3.업무-문서매핑'!$C:$C,"입력",'3.업무-문서매핑'!$D:$D,"필수") -> 1
A19: GOV-05 | B19: 공공·행정 (B2G) | C19: 계약 관리 | D19: 계약 체결·이행 문서 관리 | E19: - | F19: =COUNTIFS('3.업무-문서매핑'!$A:$A,A26,'3.업무-문서매핑'!$C:$C,"입력") -> 3 | G19: =COUNTIFS('3.업무-문서매핑'!$A:$A,A26,'3.업무-문서매핑'!$C:$C,"입력",'3.업무-문서매핑'!$D:$D,"필수") -> 2
A20: GOV-06 | B20: 공공·행정 (B2G) | C20: 기록물 분류·관리(BRM 연계) | D20: 공문서 기능분류 및 보존기준 매핑 | E20: - | F20: =COUNTIFS('3.업무-문서매핑'!$A:$A,A27,'3.업무-문서매핑'!$C:$C,"입력") -> 3 | G20: =COUNTIFS('3.업무-문서매핑'!$A:$A,A27,'3.업무-문서매핑'!$C:$C,"입력",'3.업무-문서매핑'!$D:$D,"필수") -> 1
A21: GOV-07 | B21: 공공·행정 (B2G) | C21: 민원 접수·처리 | D21: 민원 문서 분류 및 처리 라우팅 | E21: RPT-07 | F21: =COUNTIFS('3.업무-문서매핑'!$A:$A,A28,'3.업무-문서매핑'!$C:$C,"입력") -> 4 | G21: =COUNTIFS('3.업무-문서매핑'!$A:$A,A28,'3.업무-문서매핑'!$C:$C,"입력",'3.업무-문서매핑'!$D:$D,"필수") -> 2
... A47: HR-T4 | B47: 인사·노무 (공통) | C47: 근로계약·근태 관리 | D47: 근로계약 조건 및 근태 정리 | E47: - | F47: =COUNTIFS('3.업무-문서매핑'!$A:$A,A54,'3.업무-문서매핑'!$C:$C,"입력") -> 0 | G47: =COUNTIFS('3.업무-문서매핑'!$A:$A,A54,'3.업무-문서매핑'!$C:$C,"입력",'3.업무-문서매핑'!$D:$D,"필수") -> 0

Sheet 3.업무-문서매핑
A1: 업무ID | B1: 문서ID | C1: 방향(입력/산출) | D1: 필수여부 | E1: 업무명 | F1: 문서명
A2: BANK-01 | B2: APP-01 | C2: 입력 | D2: 필수 | E2: 기업여신 심사 | F2: 여신신청서
A3: BANK-01 | B3: ID-01 | C3: 입력 | D3: 필수 | E3: 기업여신 심사 | F3: 사업자등록증
A4: BANK-01 | B4: ID-02 | C4: 입력 | D4: 필수 | E4: 기업여신 심사 | F4: 법인등기부등본(등기사항전부증명서)
A5: BANK-01 | B5: ID-03 | C5: 입력 | D5: 선택 | E5: 기업여신 심사 | F5: 주주명부
A6: BANK-01 | B6: FIN-01 | C6: 입력 | D6: 필수 | E6: 기업여신 심사 | F6: 재무제표(재무상태표·손익계산서)
A7: BANK-01 | B7: FIN-02 | C7: 입력 | D7: 선택 | E7: 기업여신 심사 | F7: 부가가치세 과세표준증명원
A8: BANK-01 | B8: FIN-03 | C8: 입력 | D8: 필수 | E8: 기업여신 심사 | F8: 납세증명서(국세·지방세 완납)
A9: BANK-01 | B9: FIN-04 | C9: 입력 | D9: 선택 | E9: 기업여신 심사 | F9: 4대보험 가입증명원
A10: BANK-01 | B10: RPT-01 | C10: 입력 | D10: 선택 | E10: 기업여신 심사 | F10: 사업계획서·자금사용계획서
A11: BANK-01 | B11: ADM-01 | C11: 입력 | D11: 선택 | E11: 기업여신 심사 | F11: 회의록(이사회·주총)
A12: BANK-01 | B12: CRD-01 | C12: 입력 | D12: 필수 | E12: 기업여신 심사 | F12: 신용정보조회서(NICE·KCB)
... A188: HR-T4 | B188: HR-03 | C188: 입력 | D188: 선택 | E188: 근로계약·근태 관리 | F188: 근태기록·출근부

Sheet 4.Facet범례
B2: Facet 분류 축 정의
B3: 단일 트리가 아니라 직교하는 다축. 한 문서는 각 축에서 하나의 값을 갖되, 축 자체는 서로 독립이다.
B5: 발급주체 | C5: 정부/공공 · 금융기관 · 기업 · 의료기관 · 개인 · 법원/공증. 누가 발급했는가는 진위검증과 신뢰수준을 결정한다.
B6: 기능/장르 | C6: 신청 · 계약/약정 · 증빙 · 증명 · 심사/평가 · 보고 · 의무기록 · 행정/내부. 업무 내 역할을 규정하는 가장 중요한 축.
B7: 구조유형 | C7: 정형양식(고정 레이아웃) · 반정형(부분 고정) · 비정형(자유 텍스트) · 표중심. 추출 전략과 모델 선택을 좌우한다.
B8: Modality | C8: 스캔이미지 · 전자PDF · HWP · 이미지+표 혼합. 한국 특성상 HWP와 표중심 비중이 높아 OCR·VLM 파이프라인 분기를 결정한다.
B9: 민감도 | C9: 개인정보(민감) · 개인정보(일반) · 의료정보 · 금융정보 · 공개. 망분리·접근통제·마스킹 정책을 결정하는 규제 축.
B11: 분할 기준 | C11: 두 문서를 별개 canonical로 나눌지의 유일한 기준은 '그 구분이 downstream 추출·검증을 실제로 바꾸는가'이다. 같은 필드를 같은 워크플로우로 흘린다면 나누지 않는다.

Sheet 5.검증룰사전
A1: Rule ID | B1: 규칙명 | C1: 설명 | D1: 적용 대상 | E1: 심각도 | F1: 검수 트리거 | G1: 자동화 처리
A2: VAL-001 | B2: 필수필드 누락 | C2: 문서 유형별 required_fields가 비어 있으면 오류 처리합니다. | D2: 전체 문서 | E2: High | F2: 필수필드 누락 | G2: 자동 반려 또는 검수 큐
A3: VAL-002 | B3: 날짜 형식 검증 | C3: 발급일, 계약일, 진료일 등 날짜를 yyyy-mm-dd로 정규화합니다. | D3: 전체 문서 | E3: Medium | F3: 날짜 파싱 실패 | G3: 검수 큐
A4: VAL-003 | B4: 미래 발급일 금지 | C4: 발급일 또는 작성일이 처리일보다 미래이면 이상치로 표시합니다. | D4: 증명서, 계약서 | E4: Medium | F4: 미래일자 발견 | G4: 검수 큐
A5: VAL-004 | B5: 금액 합계 검증 | C5: 품목별 금액, 공급가액, 부가세, 합계금액의 산술관계를 검증합니다. | D5: 거래증빙, 영수증, 명세서 | E5: High | F5: 합계 불일치 | G5: 검수 큐
A6: VAL-005 | B6: 사업자등록번호 형식 | C6: 000-00-00000 형태 또는 숫자 10자리로 정규화합니다. | D6: 사업자·세무 문서 | E6: High | F6: 형식 불일치 | G6: 검수 큐
A7: VAL-006 | B7: 계좌번호 형식 | C7: 은행별 허용 길이와 특수문자 정규화를 적용합니다. | D7: 금융, 보험, 정산 | E7: High | F7: 계좌번호 불명확 | G7: 검수 큐
A8: VAL-007 | B8: 주민번호 마스킹 | C8: 고유식별정보는 저장 전 마스킹 또는 암호화 정책을 적용합니다. | D8: S3 이상 | E8: Critical | F8: 원문 노출 | G8: 저장 차단
A9: VAL-008 | B9: 서명 존재 여부 | C9: 서명 필수 문서에서 signature_present가 false이면 검수로 보냅니다. | D9: 신청서, 계약서, 동의서 | E9: High | F9: 서명 없음 | G9: 검수 큐
A10: VAL-009 | B10: 도장 또는 직인 존재 여부 | C10: 직인 필수 증명서와 계약서에서 seal_present를 확인합니다. | D10: 증명서, 계약서 | E10: Medium | F10: 도장 없음 | G10: 검수 큐
A11: VAL-010 | B11: 체크박스 필수동의 | C11: 필수동의 항목이 false이면 업무 처리를 중단합니다. | D11: 동의서 | E11: High | F11: 필수동의 누락 | G11: 자동 반려
A12: VAL-011 | B12: 문서 중복 탐지 | C12: 문서번호, 발급일, 핵심 필드 해시로 중복 업로드를 탐지합니다. | D12: 전체 문서 | E12: Medium | F12: 중복 의심 | G12: 중복 경고
... A16: VAL-015 | B16: S4 자동 의사결정 제한 | C16: 민감정보 문서는 자동 의사결정 또는 자동 거절에 사용하지 않습니다. | D16: 의료문서, 보험 청구 | E16: Critical | F16: S4 문서 자동처리 | G16: Human-in-the-loop

Sheet 6.문서매핑
A1: A 문서ID | B1: A 문서명 | C1: 매칭상태 | D1: B 관리ID | E1: B 문서유형 | F1: 비고
A2: ID-01 | B2: 사업자등록증 | C2: 매칭 | D2: DOC-KR-0010 | E2: 사업자등록증
A3: ID-02 | B3: 법인등기부등본(등기사항전부증명서) | C3: 매칭 | D3: DOC-KR-0011 | E3: 법인등기부등본
A4: ID-03 | B4: 주주명부 | C4: A고유(B미수록) | F4: B에 대응 문서 없음
A5: ID-04 | B5: 주민등록등본 | C5: 매칭 | D5: DOC-KR-0001 | E5: 주민등록등본
A6: ID-05 | B6: 가족관계증명서 | C6: 매칭 | D6: DOC-KR-0003 | E6: 가족관계증명서
A7: ID-06 | B7: 신분증 사본(주민·면허·여권) | C7: 매칭 | D7: DOC-KR-0006, DOC-KR-0007, DOC-KR-0008 | E7: 주민등록증 / 운전면허증 / 여권
A8: ID-11 | B8: 실소유자 확인서(AML) | C8: A고유(B미수록) | F8: B에 대응 문서 없음
A9: ID-12 | B9: 자격증·면허증 | C9: A고유(B미수록) | F9: B에 대응 문서 없음
A10: ID-13 | B10: 재직증명서 | C10: 매칭 | D10: DOC-KR-0060 | E10: 재직증명서
A11: ID-14 | B11: 경력증명서 | C11: 매칭 | D11: DOC-KR-0061 | E11: 경력증명서
A12: FIN-01 | B12: 재무제표(재무상태표·손익계산서) | C12: A고유(B미수록) | F12: B에 대응 문서 없음
A13: FIN-02 | B13: 부가가치세 과세표준증명원 | C13: 매칭 | D13: DOC-KR-0016 | E13: 부가가치세 과세표준증명
A14: FIN-03 | B14: 납세증명서(국세·지방세 완납) | C14: 매칭 | D14: DOC-KR-0017, DOC-KR-0018 | E14: 납세증명서(국세) / 지방세 납세증명서
A15: FIN-04 | B15: 4대보험 가입증명원 | C15: A고유(B미수록) | F15: B에 대응 문서 없음
A16: FIN-05 | B16: 근로소득 원천징수영수증 | C16: 매칭 | D16: DOC-KR-0062 | E16: 원천징수영수증
A17: FIN-06 | B17: 소득금액증명원 | C17: 매칭 | D17: DOC-KR-0063 | E17: 소득금액증명원
A18: FIN-07 | B18: 거래실적·매출증빙 | C18: A고유(B미수록) | F18: B에 대응 문서 없음
A19: FIN-08 | B19: 전자세금계산서 | C19: 매칭 | D19: DOC-KR-0038 | E19: 전자세금계산서
A20: FIN-09 | B20: 지출증빙(현금영수증·영수증) | C20: 매칭 | D20: DOC-KR-0045, DOC-KR-0046, DOC-KR-0047 | E20: 카드매출전표 / 현금영수증 / 간이영수증
A21: FIN-10 | B21: 통장 거래내역서 | C21: 매칭 | D21: DOC-KR-0026 | E21: 입출금거래내역서
A22: FIN-11 | B22: 감사보고서·결산보고서 | C22: A고유(B미수록) | F22: B에 대응 문서 없음
A23: FIN-13 | B23: 급여대장·임금명세서 | C23: 매칭 | D23: DOC-KR-0064 | E23: 급여명세서
A24: FIN-14 | B24: 법인세·소득세 신고서 | C24: A고유(B미수록) | F24: B에 대응 문서 없음
A25: APP-01 | B25: 여신신청서 | C25: 매칭 | D25: DOC-KR-0024 | E25: 대출신청서
A26: APP-02 | B26: 여신거래약정서 | C26: A고유(B미수록) | F26: B에 대응 문서 없음
A27: APP-03 | B27: 보험청약서 | C27: A고유(B미수록) | F27: B에 대응 문서 없음
A28: APP-04 | B28: 보험금청구서 | C28: 매칭 | D28: DOC-KR-0030 | E28: 보험금청구서
A29: APP-05 | B29: 인허가·보조금 신청서 | C29: 매칭 | D29: DOC-KR-0076 | E29: 인허가신청서
A30: APP-06 | B30: 계약서(공공·민간) | C30: 매칭 | D30: DOC-KR-0048 | E30: 용역계약서
A31: APP-07 | B31: 근로계약서 | C31: 매칭 | D31: DOC-KR-0058 | E31: 근로계약서
A32: APP-08 | B32: 임대차계약서 | C32: 매칭 | D32: DOC-KR-0066 | E32: 임대차계약서
A33: APP-09 | B33: 공급·구매계약서 | C33: 매칭 | D33: DOC-KR-0049, DOC-KR-0050 | E33: 공급계약서 / 구매계약서
A34: APP-10 | B34: 용역계약서 | C34: 매칭 | D34: DOC-KR-0048 | E34: 용역계약서
A35: APP-11 | B35: 비밀유지계약서(NDA) | C35: 매칭 | D35: DOC-KR-0051 | E35: NDA
A36: APP-12 | B36: 약관·상품설명서 | C36: A고유(B미수록) | F36: B에 대응 문서 없음
A37: APP-13 | B37: 계좌개설신청서 | C37: 매칭 | D37: DOC-KR-0020 | E37: 계좌개설신청서
A38: APP-14 | B38: 카드발급신청서 | C38: A고유(B미수록) | F38: B에 대응 문서 없음
A39: CRD-01 | B39: 신용정보조회서(NICE·KCB) | C39: A고유(B미수록) | F39: B에 대응 문서 없음
A40: CRD-02 | B40: 기업신용등급평가서 | C40: A고유(B미수록) | F40: B에 대응 문서 없음
A41: COL-01 | B41: 부동산등기부등본(등기사항전부증명서) | C41: 매칭 | D41: DOC-KR-0069 | E41: 등기사항전부증명서
A42: COL-02 | B42: 감정평가서 | C42: A고유(B미수록) | F42: B에 대응 문서 없음
A43: COL-03 | B43: 토지대장·건축물대장 | C43: 매칭 | D43: DOC-KR-0070, DOC-KR-0071 | E43: 건축물대장 / 토지대장
A44: COL-05 | B44: 공시지가확인원 | C44: A고유(B미수록) | F44: B에 대응 문서 없음
A45: RPT-01 | B45: 사업계획서·자금사용계획서 | C45: A고유(B미수록) | F45: B에 대응 문서 없음
A46: RPT-02 | B46: 여신 심사의견서 [산출물] | C46: A고유(B미수록) | F46: B에 대응 문서 없음
A47: RPT-03 | B47: 손해사정서 [산출물] | C47: A고유(B미수록) | F47: B에 대응 문서 없음
A48: RPT-04 | B48: 정산보고서 | C48: A고유(B미수록) | F48: B에 대응 문서 없음
A49: RPT-06 | B49: 타당성·시장조사 보고서 | C49: A고유(B미수록) | F49: B에 대응 문서 없음
A50: RPT-07 | B50: 내부 심사·결재 문서 [산출물] | C50: A고유(B미수록) | F50: B에 대응 문서 없음
A51: RPT-08 | B51: 컴플라이언스 점검보고서 [산출물] | C51: A고유(B미수록) | F51: B에 대응 문서 없음
A52: MED-01 | B52: 건강진단서·검진결과 | C52: 매칭 | D52: DOC-KR-0097 | E52: 건강검진결과지
A53: MED-02 | B53: 의무기록 사본 | C53: A고유(B미수록) | F53: B에 대응 문서 없음
A54: MED-03 | B54: 진단서·소견서 | C54: 매칭 | D54: DOC-KR-0035, DOC-KR-0093, DOC-KR-0094 | E54: 진단서 / 진단서(일반) / 소견서
A55: MED-04 | B55: 진료비계산서·영수증 | C55: 매칭 | D55: DOC-KR-0033, DOC-KR-0034 | E55: 진료비영수증 / 진료비세부산정내역서
A56: MED-05 | B56: 입퇴원확인서 | C56: 매칭 | D56: DOC-KR-0036 | E56: 입퇴원확인서
A57: MED-06 | B57: 처방전·약제비영수증 | C57: 매칭 | D57: DOC-KR-0091, DOC-KR-0095 | E57: 처방전 / 약제비영수증
A58: MED-07 | B58: 사망진단서·사체검안서 | C58: A고유(B미수록) | F58: B에 대응 문서 없음
A59: MED-08 | B59: 수술기록지 | C59: 매칭 | D59: DOC-KR-0037 | E59: 수술확인서
A60: MED-09 | B60: 검사결과지(영상·병리) | C60: A고유(B미수록) | F60: B에 대응 문서 없음
A61: INC-01 | B61: 사고사실확인원·교통사고사실확인원 | C61: A고유(B미수록) | F61: B에 대응 문서 없음
A62: INC-02 | B62: 교통사고조사서·경찰자료 | C62: A고유(B미수록) | F62: B에 대응 문서 없음
A63: INC-03 | B63: 사고현장 사진·증빙 | C63: A고유(B미수록) | F63: B에 대응 문서 없음
A64: INC-04 | B64: 수리견적서 | C64: 매칭 | D64: DOC-KR-0041 | E64: 견적서
A65: ADM-01 | B65: 회의록(이사회·주총) | C65: 매칭 | D65: DOC-KR-0081 | E65: 회의록
A66: ADM-02 | B66: 결재·전결 문서 | C66: A고유(B미수록) | F66: B에 대응 문서 없음
A67: ADM-03 | B67: 입찰제안서(RFP 대응) | C67: A고유(B미수록) | F67: B에 대응 문서 없음
A68: ADM-04 | B68: 산출내역서·견적서 | C68: 매칭 | D68: DOC-KR-0041 | E68: 견적서
A69: ADM-05 | B69: 기안문 | C69: A고유(B미수록) | F69: B에 대응 문서 없음
A70: ADM-06 | B70: 시행문·공문(HWP) | C70: 매칭 | D70: DOC-KR-0072, DOC-KR-0073 | E70: 공문 / 시행문
A71: ADM-07 | B71: 품의서·지출결의서 | C71: A고유(B미수록) | F71: B에 대응 문서 없음
A72: TRD-01 | B72: 상업송장(Commercial Invoice) | C72: 매칭 | D72: DOC-KR-0083 | E72: 상업송장
A73: TRD-02 | B73: 포장명세서(Packing List) | C73: 매칭 | D73: DOC-KR-0084 | E73: 포장명세서
A74: TRD-03 | B74: 선하증권(B/L)·항공운송장(AWB) | C74: 매칭 | D74: DOC-KR-0085 | E74: 선하증권
A75: TRD-04 | B75: 신용장(L/C) | C75: A고유(B미수록) | F75: B에 대응 문서 없음
A76: TRD-05 | B76: 수출입신고필증 | C76: 매칭 | D76: DOC-KR-0087, DOC-KR-0088 | E76: 수입신고필증 / 수출신고필증
A77: TRD-06 | B77: 원산지증명서(C/O) | C77: 매칭 | D77: DOC-KR-0086 | E77: 원산지증명서
A78: TRD-07 | B78: 발주서(PO)·거래명세서 | C78: 매칭 | D78: DOC-KR-0042, DOC-KR-0040 | E78: 발주서 / 거래명세서
A79: LGL-01 | B79: 소장·답변서 | C79: A고유(B미수록) | F79: B에 대응 문서 없음
A80: LGL-02 | B80: 판결문·결정문 | C80: A고유(B미수록) | F80: B에 대응 문서 없음
A81: LGL-03 | B81: 내용증명 | C81: 매칭 | D81: DOC-KR-0056 | E81: 내용증명
A82: LGL-04 | B82: 개인정보 처리방침·동의서 | C82: 매칭 | D82: DOC-KR-0053 | E82: 개인정보수집이용동의서
A83: LGL-05 | B83: 사규·내규 문서 | C83: A고유(B미수록) | F83: B에 대응 문서 없음
A84: HR-01 | B84: 이력서·입사지원서 | C84: A고유(B미수록) | F84: B에 대응 문서 없음
A85: HR-02 | B85: 인사기록카드 | C85: A고유(B미수록) | F85: B에 대응 문서 없음
A86: HR-03 | B86: 근태기록·출근부 | C86: A고유(B미수록) | F86: B에 대응 문서 없음
A87: HR-04 | B87: 인사평가서 | C87: A고유(B미수록) | F87: B에 대응 문서 없음
A88: SEC-01 | B88: 투자설명서·증권신고서 | C88: A고유(B미수록) | F88: B에 대응 문서 없음
A89: SEC-02 | B89: 펀드 운용보고서 | C89: A고유(B미수록) | F89: B에 대응 문서 없음
A90: SEC-03 | B90: 투자성향·적합성 설문 | C90: A고유(B미수록) | F90: B에 대응 문서 없음
A91: SEC-04 | B91: 예탁·잔고 증명 | C91: 매칭 | D91: DOC-KR-0029 | E91: 잔액증명서
A92: CON-01 | B92: 설계도면 | C92: A고유(B미수록) | F92: B에 대응 문서 없음
A93: CON-02 | B93: 시방서 | C93: A고유(B미수록) | F93: B에 대응 문서 없음
A94: CON-03 | B94: 감리보고서 | C94: A고유(B미수록) | F94: B에 대응 문서 없음
A95: CON-04 | B95: 준공·사용승인 서류 | C95: A고유(B미수록) | F95: B에 대응 문서 없음
A96: QC-01 | B96: 품질·시험성적서 | C96: A고유(B미수록) | F96: B에 대응 문서 없음
A97: QC-02 | B97: 입고·검수 보고서 | C97: A고유(B미수록) | F97: B에 대응 문서 없음
